{
  "train": {
    "loss": [
      0.39071083736172896,
      0.2334391314050576,
      0.1914542872965699,
      0.16784209001403258,
      0.1563864906159733,
      0.1477020964403105,
      0.14311463842614808,
      0.1404191492064968,
      0.1393563218814972,
      0.13244436057042952,
      0.12890996790159764,
      0.12733494511894447,
      0.12482686409279825,
      0.12773265160619685,
      0.12425190243353668,
      0.12245300211071965,
      0.12257910820832921,
      0.11984117649474332,
      0.1222483350750769,
      0.12180585788675773,
      0.12249075577266912
    ],
    "acc": [
      0.8579180930645366,
      0.9350830480537593,
      0.9548877900342335,
      0.9642196018765057,
      0.9705084315962977,
      0.9737416001014327,
      0.9760238366932927,
      0.9779257005198427,
      0.9776087232154178,
      0.9800304298212248,
      0.9817928236338278,
      0.9827183973627488,
      0.9839989856726259,
      0.9835045010777228,
      0.9841257765943958,
      0.9849752757702549,
      0.9853556485355649,
      0.9851654621529099,
      0.9861037149740078,
      0.9857994167617599,
      0.9864587295549638
    ],
    "f1": [
      0.829490325317308,
      0.9249147389814255,
      0.948430308399103,
      0.9596202697230806,
      0.9662488569286038,
      0.9701167319282159,
      0.9723655293877916,
      0.9744464748327527,
      0.9748603446950602,
      0.9769386907577631,
      0.9787987837113655,
      0.9800549818266762,
      0.9810951308703042,
      0.9808089143068756,
      0.9817340804384179,
      0.9825547401792385,
      0.9830860658557112,
      0.9826333030616576,
      0.9836402071515679,
      0.9833431238549332,
      0.9840391824453969
    ],
    "rec": [
      0.8169609390878145,
      0.9236745630276842,
      0.9477691622776058,
      0.9593203918705585,
      0.9660031302009344,
      0.9700534835469131,
      0.9725156510956251,
      0.9744509026562126,
      0.9746792440451244,
      0.9769495240234289,
      0.9786409962506906,
      0.9799076967502363,
      0.9811511740640755,
      0.9805790612846778,
      0.9818176716477047,
      0.9824565026349809,
      0.9831695933581308,
      0.9825998975247591,
      0.984006185059331,
      0.9836279570062418,
      0.9842213925487296
    ],
    "prec": [
      0.8439551590634686,
      0.9262425899189912,
      0.9491497700231692,
      0.9599229280969221,
      0.9665032749833613,
      0.9701816227160531,
      0.972219101982041,
      0.974449073478783,
      0.9750470106587572,
      0.9769409942895358,
      0.9789581436872474,
      0.9802028441105664,
      0.9810419184963294,
      0.9810396164980302,
      0.9816518306417904,
      0.9826546306750386,
      0.9830042540481835,
      0.9826671142106216,
      0.9832752885583673,
      0.983063979639301,
      0.9838572275891608
    ],
    "classf1": [
      [
        0.920676347899797,
        0.7415798134942403,
        0.8019023986765922,
        0.8538027411986026
      ],
      [
        0.9660262206148282,
        0.8798988621997471,
        0.9011460136862066,
        0.9525878594249201
      ],
      [
        0.9764360018091361,
        0.9163218143709356,
        0.930401419200462,
        0.9705619982158786
      ],
      [
        0.9813779839348342,
        0.9334367394966973,
        0.9439760787408115,
        0.9796902767199797
      ],
      [
        0.9842802858952321,
        0.9460031620977034,
        0.9548922056384743,
        0.9798197740830055
      ],
      [
        0.9860435657897713,
        0.9523478074637255,
        0.9585479315500913,
        0.9835276229092752
      ],
      [
        0.9873214427089813,
        0.9563377263473696,
        0.9627692690823061,
        0.9830336794125095
      ],
      [
        0.9884394371295416,
        0.9599764252036005,
        0.9650941049664207,
        0.9842759320314481
      ],
      [
        0.9875774992080373,
        0.9586511441188278,
        0.9679372848313907,
        0.9852754506219853
      ],
      [
        0.9893329411897787,
        0.9641066881115132,
        0.9687784679089027,
        0.9855366658208576
      ],
      [
        0.9904772675865189,
        0.967396541570748,
        0.9706309973829602,
        0.9866903283052352
      ],
      [
        0.9909255487666893,
        0.9685712758565397,
        0.9728965746591287,
        0.9878265280243469
      ],
      [
        0.991674019774203,
        0.9714897604069067,
        0.974269588313413,
        0.9869471549866937
      ],
      [
        0.9912321390186783,
        0.9706204721041516,
        0.9738132845623078,
        0.9875697615423643
      ],
      [
        0.9915586032090886,
        0.9712757421770527,
        0.9752553350494063,
        0.9888466413181242
      ],
      [
        0.9921699970580914,
        0.9727518250127015,
        0.976205307088576,
        0.989091831557585
      ],
      [
        0.9921021068591731,
        0.9740516826280028,
        0.9768368617683686,
        0.9893536121673003
      ],
      [
        0.9923503451397533,
        0.9731274708836414,
        0.9763340681279374,
        0.9887213280952984
      ],
      [
        0.9929129401109476,
        0.9752149991987608,
        0.9769432096713888,
        0.9894896796251741
      ],
      [
        0.9923823106613694,
        0.9745839798812136,
        0.978323040576947,
        0.9880831643002028
      ],
      [
        0.9929045910803806,
        0.976371217791083,
        0.9775192187824642,
        0.9893617021276596
      ]
    ],
    "auc": [
      0.8665959427760215,
      0.9526565384972359,
      0.9768979312379162,
      0.9860608743862885,
      0.9890349193692248,
      0.9910118324357999,
      0.993348210641792,
      0.9938548249460029,
      0.9929831171663144,
      0.9932880743311083,
      0.9927831371531018,
      0.9911147067378526,
      0.9893690215675823,
      0.9741799522351554,
      0.9876260080223336,
      0.9667579975276324,
      0.9762827319382227,
      0.9834395246000839,
      0.9791211384551524,
      0.9637834536837372,
      0.9034260019716559
    ]
  },
  "val": {
    "loss": [
      0.8441520818376798,
      1.0429333007142108,
      1.2667928807759203,
      1.0410926119709283,
      1.193906728698367,
      1.8961010182698965,
      1.2483882834225841,
      1.566473214608067,
      2.1014749009749525,
      1.5936437639464454,
      2.000769241417643,
      1.553731784299532,
      2.755747274716795,
      2.9605281145732953,
      2.1365394437628646,
      1.9174387660991485,
      1.838757676494856,
      2.946175083913626,
      2.149353260640509,
      2.0888785402647425,
      2.543544263813062
    ],
    "acc": [
      0.7582656493559767,
      0.7733612273361228,
      0.7392731151037821,
      0.7805808515874969,
      0.7722946919353515,
      0.761547296742965,
      0.7770530806464845,
      0.7602346377881697,
      0.7564607432931332,
      0.7523997046517352,
      0.7569940109935187,
      0.7626548527360735,
      0.6842645007793913,
      0.7504307162195422,
      0.7693412092870621,
      0.7334071703995406,
      0.762941996882435,
      0.7452621215850357,
      0.775945524653376,
      0.7532201164984822,
      0.761670358519977
    ],
    "f1": [
      0.6852579789036872,
      0.6867474568920708,
      0.651619599557225,
      0.6952665888668623,
      0.6854910787686659,
      0.6811770203197259,
      0.6843201261217176,
      0.67951321506452,
      0.6650615048144881,
      0.6499136160293076,
      0.6668795277544749,
      0.6643265414103057,
      0.6090818968653866,
      0.6491565341899024,
      0.6721495269667345,
      0.6490486465155697,
      0.6742911432807546,
      0.652288218481395,
      0.6839456133994193,
      0.6684871479417412,
      0.6684258319279532
    ],