{
  "train": {
    "loss": [
      0.3637156875942297,
      0.17147381811725523
    ],
    "acc": [
      0.8535818435400025,
      0.9334347660707494
    ],
    "f1": [
      0.8284563664031643,
      0.9231666557355845
    ],
    "rec": [
      0.8183319011554574,
      0.9225814748623353
    ],
    "prec": [
      0.8400755545329219,
      0.9238148061536205
    ],
    "classf1": [
      [
        0.9164381261543628,
        0.7324513448502077,
        0.8020392221354273,
        0.8628967724726594
      ],
      [
        0.9656451430510008,
        0.8763169210922382,
        0.8970976253298153,
        0.9536069334692837
      ]
    ],
    "auc": [
      0.947579670242048,
      0.9864219689038916
    ]
  },
  "val": {
    "loss": [
      0.8888015289429414,
      1.019328641335068
    ],
    "acc": [
      0.7659365001230618,
      0.7530560341291328
    ],
    "f1": [
      0.6886053440486412,
      0.6869476424628557
    ],
    "rec": [
      0.7217074193252414,
      0.7292135991780879
    ],
    "prec": [
      0.7178854302064963,
      0.6987264986513615
    ],
    "classf1": [
      [
        0.8861927800521027,
        0.43919716646989376,
        0.6324738675958188,
        0.7965575620767494
      ],
      [
        0.8622133446010832,
        0.42317314022383146,
        0.6571954748750329,
        0.8052086101514749
      ]
    ],
    "auc": [
      NaN,
      NaN
    ]
  },
  "best_train": {
    "0": {
      "precision": 0.9958248327560848,
      "recall": 0.9498574467122234,
      "f1-score": 0.9722981424005188,
      "support": 44194.0
    },
    "1": {
      "precision": 0.8837897853441895,
      "recall": 0.9575491873396065,
      "f1-score": 0.919192178398214,
      "support": 18704.0
    },
    "2": {
      "precision": 0.9159431728492502,
      "recall": 0.9650727650727651,
      "f1-score": 0.9398663697104677,
      "support": 12025.0
    },
    "3": {
      "precision": 0.9936524728907696,
      "recall": 0.9518621738028883,
      "f1-score": 0.9723084886128365,
      "support": 3947.0
    },
    "accuracy": 0.9541016863192595,
    "macro avg": {
      "precision": 0.9473025659600735,
      "recall": 0.9560853932318708,
      "f1-score": 0.9509162947805092,
      "support": 78870.0
    },
    "weighted avg": {
      "precision": 0.9569677921632083,
      "recall": 0.9541016863192595,
      "f1-score": 0.954759849249803,
      "support": 78870.0
    }
  },
  "best_test": {
    "0": {
      "precision": 0.9498942022852307,
      "recall": 0.7893515262343508,
      "f1-score": 0.8622133446010832,
      "support": 14218.0
    },
    "1": {
      "precision": 0.2959484346224678,
      "recall": 0.7422632794457275,
      "f1-score": 0.42317314022383146,
      "support": 2165.0
    },
    "2": {
      "precision": 0.7050522156364663,
      "recall": 0.6154225178615422,
      "f1-score": 0.6571954748750329,
      "support": 4059.0
    },
    "3": {
      "precision": 0.8440111420612814,
      "recall": 0.7698170731707317,
      "f1-score": 0.8052086101514749,
      "support": 3936.0
    },
    "accuracy": 0.7530560341291328,
    "macro avg": {
      "precision": 0.6987264986513615,
      "recall": 0.7292135991780879,
      "f1-score": 0.6869476424628557,
      "support": 24378.0
    },
    "weighted avg": {
      "precision": 0.8339551615173793,
      "recall": 0.7530560341291328,
      "f1-score": 0.7798825459101141,
      "support": 24378.0
    }
  },
  "final_train": {
    "0": {
      "precision": 0.9958248327560848,
      "recall": 0.9498574467122234,
      "f1-score": 0.9722981424005188,
      "support": 44194.0
    },
    "1": {
      "precision": 0.8837897853441895,
      "recall": 0.9575491873396065,
      "f1-score": 0.919192178398214,
      "support": 18704.0
    },
    "2": {
      "precision": 0.9159431728492502,
      "recall": 0.9650727650727651,
      "f1-score": 0.9398663697104677,
      "support": 12025.0
    },
    "3": {
      "precision": 0.9936524728907696,
      "recall": 0.9518621738028883,
      "f1-score": 0.9723084886128365,
      "support": 3947.0
    },
    "accuracy": 0.9541016863192595,
    "macro avg": {
      "precision": 0.9473025659600735,
      "recall": 0.9560853932318708,
      "f1-score": 0.9509162947805092,
      "support": 78870.0
    },
    "weighted avg": {
      "precision": 0.9569677921632083,
      "recall": 0.9541016863192595,
      "f1-score": 0.954759849249803,
      "support": 78870.0
    }
  },
  "final_test": {
    "0": {
      "precision": 0.9498942022852307,
      "recall": 0.7893515262343508,
      "f1-score": 0.8622133446010832,
      "support": 14218.0
    },
    "1": {
      "precision": 0.2959484346224678,
      "recall": 0.7422632794457275,
      "f1-score": 0.42317314022383146,
      "support": 2165.0
    },
    "2": {
      "precision": 0.7050522156364663,
      "recall": 0.6154225178615422,
      "f1-score": 0.6571954748750329,
      "support": 4059.0
    },
    "3": {
      "precision": 0.8440111420612814,
      "recall": 0.7698170731707317,
      "f1-score": 0.8052086101514749,
      "support": 3936.0
    },
    "accuracy": 0.7530560341291328,
    "macro avg": {
      "precision": 0.6987264986513615,
      "recall": 0.7292135991780879,
      "f1-score": 0.6869476424628557,
      "support": 24378.0
    },
    "weighted avg": {
      "precision": 0.8339551615173793,
      "recall": 0.7530560341291328,
      "f1-score": 0.7798825459101141,
      "support": 24378.0
    }
  }
}