{
  "train": {
    "loss": [
      0.38009911712490146,
      0.21147952235350526,
      0.16680604311152844,
      0.1470511736552951,
      0.13706004988457468,
      0.1260295886194786,
      0.1195709614864547,
      0.11884438770503243,
      0.11313566088931976,
      0.10899760683560876,
      0.10876224322634723,
      0.10452707561555885,
      0.10380146344678627,
      0.10243618353756002,
      0.10087141545394998,
      0.09804050087654,
      0.09644765944511635,
      0.09682366145802518,
      0.09506249370671244,
      0.09892759100506612
    ],
    "acc": [
      0.8583745403829086,
      0.9367440091289464,
      0.9557499683022695,
      0.9637885127424877,
      0.9691137314568277,
      0.9726765563585648,
      0.9758082921262837,
      0.9766577913021428,
      0.9782299987320908,
      0.9803854444021808,
      0.9807531380753138,
      0.9818688981868898,
      0.9824394573348548,
      0.9836186129073158,
      0.9839609483960948,
      0.9848611639406618,
      0.9854063649042728,
      0.9855458349182199,
      0.9862812222644859,
      0.9853302903512109
    ],
    "f1": [
      0.832587153304915,
      0.9273767384061593,
      0.9495273427105931,
      0.9588069511219348,
      0.9647508365505235,
      0.9690552839855857,
      0.9714767556998177,
      0.9729881841088908,
      0.9749164713634261,
      0.9775279259631902,
      0.9783670904127272,
      0.9786560928909936,
      0.97982117797511,
      0.9809860837532894,
      0.9811641380884288,
      0.9818343144740427,
      0.982848250169835,
      0.9834792339382832,
      0.9838785436286908,
      0.9822168242262197
    ],
    "rec": [
      0.8207893389886589,
      0.9253232669687237,
      0.9490669728781356,
      0.9587639478295754,
      0.9649988616397676,
      0.9690620455876238,
      0.9716802022215092,
      0.9731968043482894,
      0.9749724041008061,
      0.9771073558093202,
      0.9785946593787076,
      0.9786831800560253,
      0.9796535856472737,
      0.9810765549695823,
      0.9810214068700576,
      0.9816354717792815,
      0.982777896191168,
      0.9835694510466009,
      0.9838338069311239,
      0.9821371488964475
    ],
    "prec": [
      0.846181767619709,
      0.9295277874064961,
      0.9500177671249455,
      0.9588598861174864,
      0.96450940282148,
      0.9690538805554129,
      0.9712749745779106,
      0.972785417840681,
      0.9748623136060246,
      0.9779495342582533,
      0.978142134462475,
      0.9786293227337872,
      0.9799907850360549,
      0.9808980967278218,
      0.9813096731863528,
      0.9820335144393775,
      0.9829200334221657,
      0.9833892930266951,
      0.9839241919668248,
      0.9823001503337918
    ],
    "classf1": [
      [
        0.9200433466277887,
        0.7418639660599425,
        0.8045550191855427,
        0.8638862813463859
      ],
      [
        0.9657845375036724,
        0.8841081836005694,
        0.906146728354263,
        0.9534675041661326
      ],
      [
        0.9762308614333853,
        0.918596849083443,
        0.9335538556956792,
        0.9697278046298652
      ],
      [
        0.9805451871960186,
        0.9336406518010292,
        0.945017609281127,
        0.9760243562095648
      ],
      [
        0.9833254146021403,
        0.944085733422639,
        0.9524915015338695,
        0.9791006966434452
      ],
      [
        0.9851515939701675,
        0.9501299675750998,
        0.958679057417856,
        0.9822605169792195
      ],
      [
        0.9874225218296159,
        0.9563727851828061,
        0.9618485578921121,
        0.9802631578947368
      ],
      [
        0.9876939781930055,
        0.957395498392283,
        0.9639583592551118,
        0.9829049005951627
      ],
      [
        0.9880936212594504,
        0.9613472333600641,
        0.966456326801727,
        0.9837687040324626
      ],
      [
        0.9892679837606161,
        0.9646781999518703,
        0.9703679041118695,
        0.9857976160284048
      ],
      [
        0.9895542150948948,
        0.9654012493993273,
        0.9696465003955531,
        0.9888663967611336
      ],
      [
        0.9902923606082549,
        0.967671203572479,
        0.9721194997299206,
        0.9845413076533198
      ],
      [
        0.9902712731057264,
        0.9685359589041096,
        0.97392243169172,
        0.9865550481988838
      ],
      [
        0.9911182014640825,
        0.970939256087771,
        0.9745611486907084,
        0.9873257287705957
      ],
      [
        0.9917619101505035,
        0.971231484947329,
        0.9738458983726337,
        0.9878172588832488
      ],
      [
        0.9920714810835265,
        0.9736525344389461,
        0.9753014553014553,
        0.9863117870722433
      ],
      [
        0.992230352518067,
        0.974006157140945,
        0.977192472269536,
        0.9879640187507919
      ],
      [
        0.9925205091937765,
        0.9743767868116601,
        0.9752506135352107,
        0.9917690262124857
      ],
      [
        0.9929037880416944,
        0.9757530442213203,
        0.9772528797771032,
        0.9896044624746451
      ],
      [
        0.9923377284816932,
        0.9746298519407763,
        0.9760913028990337,
        0.9858084135833756
      ]
    ],
    "auc": [
      0.8648889972034076,
      0.9503558181827587,
      0.9771957776169637,
      0.9851621614026305,
      0.9888182248881141,
      0.9901434296838761,
      0.9895086460574359,
      0.9918780837624817,
      0.9936219800857604,
      0.992695898432258,
      0.9908768077973609,
      0.9903210517277988,
      0.9404962217442888,
      0.9768031042028397,
      0.9800023559254067,
      0.9740671373863031,
      0.9720853571335628,
      0.8769117753374273,
      0.8315292995590423,
      0.8981475484857345
    ]
  },
  "val": {
    "loss": [
      0.8619718696827614,
      0.9925209709147236,
      1.3650316650056664,
      0.9989434553399709,
      0.9888589384738669,
      1.911473254312446,
      1.6382937009039737,
      1.337850543300859,
      1.645989513829922,
      1.346083679305072,
      2.183315619836122,
      1.1522132102706462,
      1.707110938875836,
      1.9440681828841957,
      2.0277501458798,
      1.6713595628937656,
      1.6457729664340215,
      2.657099139536243,
      2.9020120627020543,
      1.7391307797026598
    ],
    "acc": [
      0.7413241447206498,
      0.788825990647305,
      0.7181064894577077,
      0.8010091065714989,
      0.7449339568463369,
      0.7613832143736156,
      0.7586758552793502,
      0.7802526868487981,
      0.7782016572319305,
      0.7975633768151612,
      0.7899745672327508,
      0.7669620149314956,
      0.7624497497743867,
      0.7884978259086061,
      0.7789400278940027,
      0.7755763393223398,
      0.7784888013782919,
      0.7656493559767003,
      0.7791041102633522,
      0.7661826236770859
    ],
    "f1": [
      0.6744125610065261,
      0.6925363230112752,
      0.6491853571047195,
      0.710012587381074,
      0.6653325474366805,
      0.6900435696085634,
      0.6620061688950335,
      0.6871029249327519,
      0.6879242004365311,
      0.6816254750490557,
      0.6925943708399389,
      0.669060176634748,
      0.6670522823726173,
      0.6784695236801687,
      0.6688598659809635,
      0.6778412741958051,
      0.6862961937258663,
      0.680140140654127,
      0.6838558407175452,
      0.6695909428794461
    ],
    "rec": [
      0.7057801906737968,
      0.7084848563523471,
      0.6874263074329232,
      0.7267514115623517,
      0.6935519317437634,
      0.7224474309489907,
      0.675063472864602,
      0.6936616281450082,
      0.7059590119103678,
      0.6786121446347955,
      0.7005090240820722,
      0.674794170076294,
      0.677664801189185,
      0.6956718203145967,
      0.6698613024590852,
      0.6901034196277153,
      0.699378339532702,
      0.7027193928387807,
      0.6902776007877592,
      0.6854609930460043
    ],