{
  "train": {
    "loss": [
      1.0788164853850175,
      1.0781953912808355,
      1.0786073305735253,
      1.0776506422475043,
      1.0777157704998723,
      1.0781179578931956,
      1.078011134698517,
      1.0782667626481788,
      1.0784401672750858,
      1.0779576516907747,
      1.078769196899864
    ],
    "acc": [
      0.5603144414859896,
      0.5603397996703436,
      0.5603397996703436,
      0.5601749714720426,
      0.5603397996703436,
      0.5601496132876886,
      0.5603397996703436,
      0.5603397996703436,
      0.5600988969189806,
      0.5603397996703436,
      0.5603397996703436
    ],
    "f1": [
      0.17957735224513832,
      0.1795569784827407,
      0.1795569784827407,
      0.18012822488335017,
      0.1795569784827407,
      0.17969586489810851,
      0.1795569784827407,
      0.1795569784827407,
      0.18000211569251243,
      0.1795569784827407,
      0.1795569784827407
    ],
    "rec": [
      0.24999639549539587,
      0.25,
      0.25,
      0.25010377331857403,
      0.25,
      0.2499614023428779,
      0.25,
      0.25,
      0.2500389950660036,
      0.25,
      0.25
    ],
    "prec": [
      0.40516509015291763,
      0.5603397996703436,
      0.5603397996703436,
      0.4399196891630075,
      0.5603397996703436,
      0.3483749016821861,
      0.5603397996703436,
      0.5603397996703436,
      0.4285938332741162,
      0.5603397996703436,
      0.5603397996703436
    ],
    "classf1": [
      [
        0.7182025028441411,
        0.00010690613641223006,
        0.0,
        0.0
      ],
      [
        0.7182279139309627,
        0.0,
        0.0,
        0.0
      ],
      [
        0.7182279139309627,
        0.0,
        0.0,
        0.0
      ],
      [
        0.7180629634447769,
        0.002449936088623775,
        0.0,
        0.0
      ],
      [
        0.7182279139309627,
        0.0,
        0.0,
        0.0
      ],
      [
        0.7181433913184848,
        0.0006400682739492212,
        0.0,
        0.0
      ],
      [
        0.7182279139309627,
        0.0,
        0.0,
        0.0
      ],
      [
        0.7182279139309627,
        0.0,
        0.0,
        0.0
      ],
      [
        0.7179837398373984,
        0.0020247229326513213,
        0.0,
        0.0
      ],
      [
        0.7182279139309627,
        0.0,
        0.0,
        0.0
      ],
      [
        0.7182279139309627,
        0.0,
        0.0,
        0.0
      ]
    ],
    "auc": [
      0.4979888371164839,
      0.4979613795324851,
      0.4984256439017709,
      0.4972061446162802,
      0.49809148186672053,
      0.4990289473430035,
      0.4979594631439584,
      0.4970886400039344,
      0.4968484989593723,
      0.49953071653334985,
      0.49827342780007383
    ]
  },
  "val": {
    "loss": [
      1.2260996254278658,
      1.2325457913157782,
      1.3094547075458587,
      1.3871268815638298,
      1.2078534882805991,
      1.3052727821031684,
      1.2478519053905102,
      1.3397837326113957,
      1.2624242256957063,
      1.304495520147757,
      1.3321276520929735
    ],
    "acc": [
      0.58323078185249,
      0.58323078185249,
      0.58323078185249,
      0.58323078185249,
      0.58323078185249,
      0.58323078185249,
      0.58323078185249,
      0.58323078185249,
      0.58323078185249,
      0.58323078185249,
      0.58323078185249
    ],
    "f1": [
      0.18419007151000102,
      0.18419007151000102,
      0.18419007151000102,
      0.18419007151000102,
      0.18419007151000102,
      0.18419007151000102,
      0.18419007151000102,
      0.18419007151000102,
      0.18419007151000102,
      0.18419007151000102,
      0.18419007151000102
    ],
    "rec": [
      0.25,
      0.25,
      0.25,
      0.25,
      0.25,
      0.25,
      0.25,
      0.25,
      0.25,
      0.25,
      0.25
    ],
    "prec": [
      0.58323078185249,
      0.58323078185249,
      0.58323078185249,
      0.58323078185249,
      0.58323078185249,
      0.58323078185249,
      0.58323078185249,
      0.58323078185249,
      0.58323078185249,
      0.58323078185249,
      0.58323078185249
    ],
    "classf1": [
      [
        0.7367602860400041,
        0.0,
        0.0,
        0.0
      ],
      [
        0.7367602860400041,
        0.0,
        0.0,
        0.0
      ],
      [
        0.7367602860400041,
        0.0,
        0.0,
        0.0
      ],
      [
        0.7367602860400041,
        0.0,
        0.0,
        0.0
      ],
      [
        0.7367602860400041,
        0.0,
        0.0,
        0.0
      ],
      [
        0.7367602860400041,
        0.0,
        0.0,
        0.0
      ],
      [
        0.7367602860400041,
        0.0,
        0.0,
        0.0
      ],
      [
        0.7367602860400041,
        0.0,
        0.0,
        0.0
      ],
      [
        0.7367602860400041,
        0.0,
        0.0,
        0.0
      ],
      [
        0.7367602860400041,
        0.0,
        0.0,
        0.0
      ],
      [
        0.7367602860400041,
        0.0,
        0.0,
        0.0
      ]
    ],
    "auc": [
      NaN,
      NaN,
      NaN,
      NaN,
      NaN,
      NaN,
      NaN,
      NaN,
      NaN,
      NaN,
      NaN
    ]
  },
  "best_train": {
    "0": {
      "precision": 0.5603397996703436,
      "recall": 1.0,
      "f1-score": 0.7182279139309627,
      "support": 44194.0
    },
    "1": {
      "precision": 0.0,
      "recall": 0.0,
      "f1-score": 0.0,
      "support": 18704.0
    },
    "2": {
      "precision": 0.0,
      "recall": 0.0,
      "f1-score": 0.0,
      "support": 12025.0
    },
    "3": {
      "precision": 0.0,
      "recall": 0.0,
      "f1-score": 0.0,
      "support": 3947.0
    },
    "accuracy": 0.5603397996703436,
    "macro avg": {
      "precision": 0.1400849499175859,
      "recall": 0.25,
      "f1-score": 0.1795569784827407,
      "support": 78870.0
    },
    "weighted avg": {
      "precision": 0.3139806910946008,
      "recall": 0.5603397996703436,
      "f1-score": 0.4024516854097245,
      "support": 78870.0
    }
  },
  "best_test": {
    "0": {
      "precision": 0.58323078185249,
      "recall": 1.0,
      "f1-score": 0.7367602860400041,
      "support": 14218.0
    },
    "1": {
      "precision": 0.0,
      "recall": 0.0,
      "f1-score": 0.0,
      "support": 2165.0
    },
    "2": {
      "precision": 0.0,
      "recall": 0.0,
      "f1-score": 0.0,
      "support": 4059.0
    },
    "3": {
      "precision": 0.0,
      "recall": 0.0,
      "f1-score": 0.0,
      "support": 3936.0
    },
    "accuracy": 0.58323078185249,
    "macro avg": {
      "precision": 0.1458076954631225,
      "recall": 0.25,
      "f1-score": 0.18419007151000102,
      "support": 24378.0
    },
    "weighted avg": {
      "precision": 0.3401581449002667,
      "recall": 0.58323078185249,
      "f1-score": 0.42970127766497573,
      "support": 24378.0
    }
  },
  "final_train": {
    "0": {
      "precision": 0.5603397996703436,
      "recall": 1.0,
      "f1-score": 0.7182279139309627,
      "support": 44194.0
    },
    "1": {
      "precision": 0.0,
      "recall": 0.0,
      "f1-score": 0.0,
      "support": 18704.0
    },
    "2": {
      "precision": 0.0,
      "recall": 0.0,
      "f1-score": 0.0,
      "support": 12025.0
    },
    "3": {
      "precision": 0.0,
      "recall": 0.0,
      "f1-score": 0.0,
      "support": 3947.0
    },
    "accuracy": 0.5603397996703436,
    "macro avg": {
      "precision": 0.1400849499175859,
      "recall": 0.25,
      "f1-score": 0.1795569784827407,
      "support": 78870.0
    },
    "weighted avg": {
      "precision": 0.3139806910946008,
      "recall": 0.5603397996703436,
      "f1-score": 0.4024516854097245,
      "support": 78870.0
    }
  },
  "final_test": {
    "0": {
      "precision": 0.58323078185249,
      "recall": 1.0,
      "f1-score": 0.7367602860400041,
      "support": 14218.0
    },
    "1": {
      "precision": 0.0,
      "recall": 0.0,
      "f1-score": 0.0,