{
  "train": {
    "loss": [
      0.4203119889147316,
      0.24316204956583115,
      0.21687723753472768,
      0.15005241620070076,
      0.13201875425895462,
      0.11697298847752996,
      0.1052123043428192,
      0.11414767397660053,
      0.18786251550270042,
      0.11962031209946458,
      0.5808550576443322,
      1.0918129225953837,
      1.0683989620333283,
      0.7659696242460525,
      0.09764637888887363,
      0.09369063334922491,
      0.30169341811145717,
      0.13348057504629224
    ],
    "acc": [
      0.8336503106377583,
      0.9125015848865221,
      0.9292887029288703,
      0.9517180169899835,
      0.9596678077849626,
      0.9659312793204007,
      0.9700012679092177,
      0.9727272727272728,
      0.9378344110561684,
      0.9677443895017117,
      0.7786357296817548,
      0.5603397996703436,
      0.5603397996703436,
      0.6898060098896919,
      0.9754532775453277,
      0.9771015595283378,
      0.9091416254596171,
      0.9621909471281856
    ],
    "f1": [
      0.8048917043145605,
      0.8989964282626315,
      0.9190183052485403,
      0.945873035079612,
      0.9543410021716048,
      0.960623080876196,
      0.9654031998133639,
      0.969503312081319,
      0.9307228969863084,
      0.9609666433437245,
      0.7088133302420792,
      0.17955843754824766,
      0.1795569784827407,
      0.5127192726034151,
      0.9703603703220469,
      0.970691366220024,
      0.8772420874984967,
      0.9395607425339136
    ],
    "rec": [
      0.7949853233827309,
      0.8968540169060709,
      0.9149670648555505,
      0.9447057626466165,
      0.9529516091640511,
      0.9592737911910313,
      0.9647711216165815,
      0.968886440641257,
      0.91257555198837,
      0.9588499142965752,
      0.6298993162392614,
      0.25,
      0.25,
      0.4611800271448148,
      0.9714966910994813,
      0.9701259599191823,
      0.841767204493399,
      0.9304180909488067
    ],
    "prec": [
      0.8166285360846253,
      0.9013692585296479,
      0.923259620681719,
      0.9470690680590182,
      0.9557466499467997,
      0.9620021566442583,
      0.9660500127066738,
      0.9701257617215243,
      0.9514584110990275,
      0.963159054399841,
      0.9033029323407189,
      0.28017345218019757,
      0.5603397996703436,
      0.791814193721806,
      0.9692399543834429,
      0.9712730580475138,
      0.9233929709780793,
      0.9501090885039803
    ],
    "classf1": [
      [
        0.9039905264098669,
        0.6947240685071293,
        0.7800555374060765,
        0.8407966849351691
      ],
      [
        0.9540302551365997,
        0.8338017511620366,
        0.8742205447981621,
        0.9339331619537276
      ],
      [
        0.9612396117204568,
        0.8680600561676388,
        0.9000828500414251,
        0.9466907030646408
      ],
      [
        0.9743184154925599,
        0.9088078172398056,
        0.928515187932535,
        0.9718507196535473
      ],
      [
        0.9779499807966021,
        0.9253947403694073,
        0.9412596133859904,
        0.9727596741344195
      ],
      [
        0.981920622708965,
        0.9373013116768627,
        0.9490554286900561,
        0.9742149604288997
      ],
      [
        0.9842020686689451,
        0.9446330704451277,
        0.9546717538257371,
        0.9781059063136456
      ],
      [
        0.9846714255008654,
        0.9492902777406507,
        0.962353527798554,
        0.9816980172852059
      ],
      [
        0.9554746446745043,
        0.9063973439723237,
        0.9138020833333333,
        0.9472175159650723
      ],
      [
        0.9840878225441376,
        0.9413082317804858,
        0.9480897009966778,
        0.9703808180535967
      ],
      [
        0.8374068312607961,
        0.6611373578302712,
        0.6592471358428805,
        0.6774619960343689
      ],
      [
        0.7182337501929906,
        0.0,
        0.0,
        0.0
      ],
      [
        0.7182279139309627,
        0.0,
        0.0,
        0.0
      ],
      [
        0.794538231470623,
        0.45369159434074424,
        0.4739196919068924,
        0.3287275726954011
      ],
      [
        0.9872234481978158,
        0.9566310160427808,
        0.9611416209019804,
        0.9764453961456103
      ],
      [
        0.9886345627023478,
        0.9601175370642447,
        0.9632978061626508,
        0.970715558950853
      ],
      [
        0.9448835973672511,
        0.8599068833811927,
        0.8623594266813671,
        0.8418184425641762
      ],
      [
        0.9836043360433604,
        0.9407306594081072,
        0.9373839105130639,
        0.896524064171123
      ]
    ],
    "auc": [
      0.8443435568954599,
      0.9400113311527224,
      0.95751582504548,
      0.971801334148266,
      0.978802150954028,
      0.9820631928577365,
      0.9853249457289199,
      0.9807384547682698,
      0.9763827066258889,
      0.9853229053782657,
      0.8674490478841629,
      0.5004419588377711,
      0.4973836246532408,
      0.7113407535583645,
      0.9811888786662852,
      0.9823935281040526,
      0.9285849182270267,
      0.9702960817099547
    ]
  },
  "val": {
    "loss": [
      1.0072779295169945,
      1.3306861042466798,
      1.5935232610223236,
      1.5568501278254667,
      1.4700464510542828,
      1.8629812723558767,
      1.5108650613930925,
      1.6071414930240806,
      1.8246877197595,
      1.4777262514962395,
      1.296434344474755,
      1.256474418743797,
      1.2519051361612066,
      1.1542908337911348,
      1.8809400397976088,
      1.2975239074041394,
      1.1468287134309276,
      2.0176508554792854
    ],
    "acc": [
      0.7226187546148166,
      0.7315612437443597,
      0.7217983427680695,
      0.7381655591106736,
      0.7470260070555419,
      0.7341865616539502,
      0.7751251128066289,
      0.7633111822134712,
      0.7387398474033965,
      0.7501845926655181,
      0.58323078185249,
      0.58323078185249,
      0.58323078185249,
      0.7709410123882189,
      0.7125276888998278,
      0.7660595619000738,
      0.6362704077446878,
      0.740298629912216
    ],
    "f1": [
      0.6570624485871281,
      0.6604131022036596,
      0.6030403586500834,
      0.6479021662165898,
      0.6420225829349454,
      0.6439463958231404,
      0.6898039540254249,
      0.6577946752774027,
      0.6581694514437697,
      0.6677491766142238,
      0.18419007151000102,
      0.18419007151000102,
      0.18419007151000102,
      0.6527105458036333,
      0.6261292075082575,
      0.6737792695925218,
      0.412165602787543,
      0.6462519246615844
    ],
    "rec": [
      0.7111762903061776,
      0.6946689009066711,
      0.6142514920602793,
      0.6674119193013334,
      0.645860355916692,
      0.6701978025555622,
      0.7136845944960264,
      0.658293685549399,
      0.6810616624344744,
      0.6957347991473116,
      0.25,
      0.25,
      0.25,
      0.6473868297677801,
      0.653531417493893,
      0.6903371425753742,
      0.46145796771983594,
      0.6691733929438155
    ],
    "prec": [
      0.6918516054789208,
      0.7078579680296057,
      0.6710221595691471,
      0.6834430680516602,
      0.6759755311560908,
      0.6802251891211366,
      0.7007993759923318,
      0.6766143347191251,
      0.6819462923238189,
      0.6944534320300877,
      0.58323078185249,
      0.58323078185249,
      0.58323078185249,
      0.6691830593001177,
      0.6759139642565165,
      0.6935078725513776,
      0.5461854397899689,
      0.6775920379903092
    ],