{
  "train": {
    "loss": [
      0.4227574317020772,
      0.27083046143139894,
      0.1892372604641281,
      0.1493822622583894,
      0.12166978981679408,
      0.11015616864693992,
      0.20234299534599623,
      0.37232022642376494,
      0.09273118237449215,
      0.08484388410575008,
      0.10093342243099822,
      0.08769921853589739,
      0.07961732716201447,
      0.07434152230788284,
      0.07831739116885363,
      0.07364287654453598,
      0.07047644062331403,
      0.08032911646191022,
      0.19619897401006176,
      0.07164707846113132,
      0.11867068836249263,
      0.0692977028344661,
      0.08562443622525408,
      0.06887516700893787
    ],
    "acc": [
      0.8331811842272093,
      0.903892481298339,
      0.9358945099530873,
      0.9526562698110815,
      0.9643590718904527,
      0.9683403068340307,
      0.9694307087612527,
      0.8576771903131736,
      0.9749841511347788,
      0.9777228350450108,
      0.9772917459109928,
      0.9796120197793838,
      0.9812349435780399,
      0.9830353746671738,
      0.9827183973627488,
      0.9837580829212629,
      0.9841764929631038,
      0.9866742741219728,
      0.9777101559528337,
      0.9858120958539368,
      0.9801191834664638,
      0.9856092303791049,
      0.9847977684797768,
      0.9860656776974769
    ],
    "f1": [
      0.8044353466931677,
      0.8842874952580658,
      0.9251186979387875,
      0.9444483581585167,
      0.9586924799382815,
      0.9629389914779815,
      0.9636334492738581,
      0.8262356756670073,
      0.9705533225091318,
      0.9740776703421605,
      0.9729016682257445,
      0.9745852676258338,
      0.9779722652229068,
      0.9800410653823491,
      0.9783548554353626,
      0.980129299707629,
      0.9818302381064155,
      0.9846349620186825,
      0.9745047685671102,
      0.9830049896913293,
      0.9765704786689824,
      0.9825984739707975,
      0.9821326470256759,
      0.9831835309476177
    ],
    "rec": [
      0.7943418884918566,
      0.8801186929120175,
      0.9249639234770894,
      0.9445886835495129,
      0.9590824640791621,
      0.9627366571250939,
      0.9625791595382891,
      0.7713692641871565,
      0.9701543476424108,
      0.9740951525745792,
      0.9718514014475382,
      0.9740743801757417,
      0.9774503624217951,
      0.9800082815534892,
      0.9782180921643165,
      0.980104233604052,
      0.9817209868377074,
      0.9846942019849718,
      0.9736811113406261,
      0.9832558626130689,
      0.9765059688608563,
      0.9832716187222466,
      0.9818102073910848,
      0.9827265028049947
    ],
    "prec": [
      0.8160563911018481,
      0.8887178976650854,
      0.9252868601439377,
      0.9443197822032121,
      0.9583058265760566,
      0.9631446956278535,
      0.9647018359444335,
      0.9104941974774732,
      0.9709544757180415,
      0.9740602779115006,
      0.9739680284578918,
      0.9751049785605893,
      0.9784961715734034,
      0.980074242675995,
      0.9784924060260193,
      0.9801549247762764,
      0.981940340071575,
      0.9845757880443349,
      0.9753391573198813,
      0.9827553984422853,
      0.9766355190687475,
      0.9819284803286316,
      0.9824602880945716,
      0.9836451168094646
    ],
    "classf1": [
      [
        0.903212801935072,
        0.6938140955705869,
        0.7854644224042142,
        0.8352500668627976
      ],
      [
        0.9504018731566742,
        0.8218992720088766,
        0.8571664601404378,
        0.907682375726275
      ],
      [
        0.9677936807383392,
        0.8805372733378106,
        0.8983522184866973,
        0.9537916191923028
      ],
      [
        0.9765905955262028,
        0.9118073064749745,
        0.9238608119304059,
        0.9655347187024835
      ],
      [
        0.9814565490400172,
        0.9338758901322483,
        0.9458831341301461,
        0.9735543464507149
      ],
      [
        0.9842940231289746,
        0.9411198459810685,
        0.9491905354919054,
        0.9771515613099772
      ],
      [
        0.9845454134045345,
        0.9446638207043757,
        0.9507828114590273,
        0.9745417515274949
      ],
      [
        0.8957430748710101,
        0.7928365730741541,
        0.7975671663234519,
        0.8187958883994126
      ],
      [
        0.9873884471389307,
        0.95450046810218,
        0.9592354041138583,
        0.9810889706815585
      ],
      [
        0.9885627015102664,
        0.9595400454606231,
        0.9640407399709,
        0.9841671944268524
      ],
      [
        0.9888016650453589,
        0.9587766668448912,
        0.9623722900573137,
        0.981656050955414
      ],
      [
        0.9899312154946149,
        0.9643382648010915,
        0.9659378500601585,
        0.9781337401474701
      ],
      [
        0.9902300020354162,
        0.9662368238000963,
        0.9701430472388556,
        0.9852791878172589
      ],
      [
        0.9913779447373781,
        0.9694717707442259,
        0.972117182630376,
        0.9871973634174167
      ],
      [
        0.9917869586859134,
        0.9694295113536067,
        0.9703340535150408,
        0.9818688981868898
      ],
      [
        0.9918873966123941,
        0.9712299465240641,
        0.97324470294973,
        0.9841551527443275
      ],
      [
        0.9917097390773267,
        0.9716332914472101,
        0.9741070685205229,
        0.9898708533806027
      ],
      [
        0.9931654106411388,
        0.9752004275788348,
        0.9792948611342092,
        0.9908791487205473
      ],
      [
        0.9879166383816441,
        0.9608057923000881,
        0.9640586695475132,
        0.9852379740391958
      ],
      [
        0.9924851173634532,
        0.9751642365005608,
        0.9775318299076309,
        0.9868387749936725
      ],
      [
        0.9897133545328007,
        0.9633211337589828,
        0.9699817063030102,
        0.9832657200811359
      ],
      [
        0.9929822972789424,
        0.9743946116427006,
        0.9752752960731352,
        0.9877416908884115
      ],
      [
        0.9923022934637415,
        0.9728128918652117,
        0.9745914251257953,
        0.9888239776479553
      ],
      [
        0.9930062016205695,
        0.975551166390861,
        0.9763687801630887,
        0.9878079756159512
      ]
    ],
    "auc": [
      0.836115351580041,
      0.9368377737770923,
      0.9590233284751731,
      0.9730073231892395,
      0.9804077926292711,
      0.9854251356307788,
      0.9858197818054041,
      0.9440583433416896,
      0.9898273458734071,
      0.9925580242027571,
      0.9890195884800915,
      0.9906427337480059,
      0.9926256105381032,
      0.9943617285175258,
      0.9919757656559944,
      0.9939582548749626,
      0.9936328493880036,
      0.9948548448987449,
      0.9882395157667239,
      0.987630459450178,
      0.9846674166729076,
      0.9883688518282319,
      0.9391339840349208,
      0.9764488168639166
    ]
  },
  "val": {
    "loss": [
      1.37768694931614,
      0.9178832624586052,
      1.0360161544875388,
      0.9017241210816972,
      1.1566228489907817,
      1.1835653332430478,
      1.0463277389686394,
      1.2513552968520907,
      0.8989798634322922,
      1.5462786629167047,
      1.4861765170470949,
      2.519918508040387,
      5.555014673710838,
      1.7277633294978894,
      2.0727053763129857,
      1.9319005355379575,
      1.1809846839404465,
      1.8579879809063438,
      1.4623407399760666,
      1.315478361973562,
      1.987994899637848,
      1.3249405923653643,
      2.0079660364552288,
      1.6356866105181036
    ],