{
  "train": {
    "loss": [
      0.37890383260652144,
      0.21502369498401108,
      0.16621267113691715,
      0.13913745014569104,
      0.12725166351148712,
      0.11212421808584921,
      0.15647852542567367,
      0.10030981349861787,
      0.10115325151445438,
      0.09186127497567419,
      0.09049556831097365,
      0.08903273133148515,
      0.08277294040637623,
      0.08075350191432565
    ],
    "acc": [
      0.8546595663750476,
      0.9253328261696463,
      0.9458856345885635,
      0.9578927348801826,
      0.9625332826169646,
      0.9692024851020667,
      0.9551286927855965,
      0.9738430328388488,
      0.9737796373779637,
      0.9777101559528337,
      0.9780524914416128,
      0.9786610878661088,
      0.9810447571953849,
      0.9820210472930139
    ],
    "f1": [
      0.8315347043301263,
      0.9151715958757158,
      0.9394564445692615,
      0.9516215453517843,
      0.9575270535221427,
      0.9652346754529428,
      0.9429443463425361,
      0.9696551148220988,
      0.9701596340111374,
      0.974173125803239,
      0.9747397792138845,
      0.9751556662657963,
      0.9777084273670527,
      0.9791668140062464
    ],
    "rec": [
      0.8231471610594412,
      0.9147742293612839,
      0.9402325595460747,
      0.95164146205276,
      0.9573378581472933,
      0.965150948260122,
      0.9372601445956297,
      0.970196897870034,
      0.9706012930436295,
      0.9741807985020019,
      0.9749877356888851,
      0.9749965758794769,
      0.9776641985376622,
      0.9794632464963019
    ],
    "prec": [
      0.8408640704164949,
      0.9156970404651256,
      0.9387084299341789,
      0.9516085300105241,
      0.9577250962722254,
      0.9653240721575029,
      0.948917515922896,
      0.9691157260644508,
      0.969723157791441,
      0.974168585084462,
      0.9744933621615137,
      0.975315641880421,
      0.9777528744866704,
      0.9788711085708723
    ],
    "classf1": [
      [
        0.9166685359233754,
        0.7363181373082364,
        0.8003960722831917,
        0.8727560718057022
      ],
      [
        0.96041004288252,
        0.861179890192701,
        0.8874938453963565,
        0.9516026050312859
      ],
      [
        0.9710778429551786,
        0.8986252914221401,
        0.9194320620769357,
        0.9686905818227912
      ],
      [
        0.9781307628777337,
        0.9224177177900966,
        0.9340959960208903,
        0.971841704718417
      ],
      [
        0.9798224557271615,
        0.9317204731768538,
        0.9427137345999087,
        0.9758515505846467
      ],
      [
        0.9833999072114786,
        0.9431942846439944,
        0.9537632179141613,
        0.9805812920421373
      ],
      [
        0.9754310004622896,
        0.9221669075531288,
        0.9372472167785515,
        0.9369322605761744
      ],
      [
        0.9858287680536062,
        0.9525617713124398,
        0.961231944213847,
        0.978997975708502
      ],
      [
        0.9858406278980344,
        0.9520901957633701,
        0.9602693042972321,
        0.9824384080859129
      ],
      [
        0.9878566335826892,
        0.9599957214675366,
        0.9664730290456431,
        0.9823671191170874
      ],
      [
        0.988149003361744,
        0.9602780005346164,
        0.9667510688638911,
        0.9837810440952863
      ],
      [
        0.9888464061899052,
        0.961774068426825,
        0.9655974738241648,
        0.9844047166222899
      ],
      [
        0.9902121640735502,
        0.9660903722309809,
        0.9692333277897888,
        0.985297845373891
      ],
      [
        0.9903470752656535,
        0.9681729510168088,
        0.9714333236309202,
        0.9867139061116031
      ]
    ],
    "auc": [
      0.8684632821785389,
      0.9485898854315024,
      0.9691979661294596,
      0.9795504454533905,
      0.983376614294367,
      0.989083802920341,
      0.9672255940944675,
      0.9894076393493777,
      0.9901759542417241,
      0.9913326211029585,
      0.9886976312156595,
      0.9870816357799005,
      0.9437347823501319,
      0.9485605225282105
    ]
  },
  "val": {
    "loss": [
      0.8771788900965248,
      1.3359357730225967,
      1.4401669928494039,
      1.9192881178661467,
      1.1058755734190673,
      1.3738305631770016,
      1.015003776873624,
      1.7453880228645138,
      1.768642177275262,
      2.252861007526412,
      2.723501303212803,
      2.8223611132105875,
      2.180303279710744,
      1.7895683545558572
    ],
    "acc": [
      0.7335302321765527,
      0.698744769874477,
      0.7537533841988678,
      0.7536713430141931,
      0.7201985396669128,
      0.7510460251046025,
      0.7489539748953975,
      0.763762408729182,
      0.752153581097711,
      0.7487078513413734,
      0.7759045040610386,
      0.7614652555582903,
      0.731479202559685,
      0.7108458446139962
    ],
    "f1": [
      0.6300515106840896,
      0.6249086222783198,
      0.6692773443242979,
      0.6622395742025156,
      0.6185564146957634,
      0.6638932063740806,
      0.6609169117364156,
      0.6720494637323831,
      0.6604756349583397,
      0.6667229854281436,
      0.6736538292124153,
      0.6530953176913594,
      0.6097974287236476,
      0.6251738940191162
    ],
    "rec": [
      0.6378020695498127,
      0.6417643527982451,
      0.6932127979571101,
      0.6763829388416653,
      0.6205649201899709,
      0.6853799035767008,
      0.6723789246514392,
      0.6838297117946842,
      0.6754212834614162,
      0.7005686154202542,
      0.6740288288786845,
      0.6534892720490808,
      0.6034752043125615,
      0.6478000704635816
    ],
    "prec": [
      0.689668322399823,
      0.6691567302215706,
      0.6939803513200982,
      0.6810391933436855,
      0.6754847414624634,
      0.6578682544670469,
      0.6763392329457882,
      0.6954154543911881,
      0.6790141037815655,
      0.7097032726748784,
      0.6920862483313959,
      0.6779072070947345,
      0.6802416696486638,
      0.656665679955625
    ],
    "classf1": [
      [
        0.8707351891506067,
        0.3641488162344983,
        0.6526757607555089,
        0.6326462765957447
      ],
      [
        0.8246660125292475,
        0.32341069626639757,
        0.652035217557739,
        0.6995225627598952
      ],
      [
        0.8718324837727823,
        0.41322081575246133,
        0.6308821413152972,
        0.7611739364566505
      ],
      [
        0.8749271137026239,
        0.37756785125206177,
        0.6512570965125709,
        0.745206235342806
      ],
      [
        0.8519314060354238,
        0.3564920273348519,
        0.595262024407753,
        0.6705402010050251
      ],
      [
        0.8573344759491784,
        0.367062818336163,
        0.6626154594069033,
        0.7685600718040775
      ],
      [
        0.8587742122000578,
        0.3837300961690052,
        0.6604328079080951,
        0.7407305306685045
      ],
      [
        0.876982702935477,
        0.3962351488967752,
        0.6338514680483592,
        0.7811285350489211
      ],
      [
        0.8735314443676572,
        0.3884372177055104,
        0.6508574490889604,
        0.729076428671231
      ],
      [
        0.8713274795302137,
        0.41920614596670935,
        0.5937841636732781,
        0.7825741525423728
      ],
      [
        0.888039016174871,
        0.3960639606396064,
        0.6591280653950954,
        0.7513842746400886
      ],
      [
        0.8855444987517141,
        0.3648154306617892,
        0.6108763031839954,
        0.751145038167939
      ],
      [
        0.867849028451287,
        0.368032029565753,
        0.5625778331257784,
        0.6407308237517719
      ],
      [
        0.8412381991198706,
        0.3507030603804797,
        0.6485148514851485,
        0.6602394650909656
      ]
    ],