{
  "train": {
    "loss": [
      0.3850728763756199,
      0.21636048824326864,
      0.16325897124537894,
      0.14100714322210067,
      0.12200049903587405,
      0.11396170138093056,
      0.10458717550455647,
      0.10139077378724946,
      0.0956751917936994,
      0.09035002814740248,
      0.08722346339686461,
      0.08467571913788813,
      0.0823422023491779
    ],
    "acc": [
      0.8500190186382655,
      0.9257005198427792,
      0.9464308355521744,
      0.9563205274502345,
      0.9650944592367187,
      0.9685431723088627,
      0.9717002662609358,
      0.9735894509953087,
      0.9758336503106377,
      0.9774946113858248,
      0.9791302142766578,
      0.9798656016229238,
      0.9810954735640928
    ],
    "f1": [
      0.8270330583619768,
      0.9170118898417746,
      0.9397588239070729,
      0.9509658645204637,
      0.9605944496975074,
      0.9639518411343841,
      0.9682098807227851,
      0.9697117444219426,
      0.9728182110807576,
      0.9740405107592186,
      0.9761556102002394,
      0.9773905480307666,
      0.9784637258878524
    ],
    "rec": [
      0.8164433335184565,
      0.9151830667548664,
      0.9387691173938041,
      0.9509163824144908,
      0.9607049514974594,
      0.9638085747003922,
      0.9680879473413523,
      0.9697710973385858,
      0.972803736119373,
      0.9740141315847801,
      0.9760953362219406,
      0.9774693862168774,
      0.9786439871669641
    ],
    "prec": [
      0.8389405067696148,
      0.9189101980673529,
      0.9407589868713704,
      0.951018826390893,
      0.9604844146047645,
      0.9640975102350973,
      0.9683351425651551,
      0.9696528697188005,
      0.9728353524014778,
      0.9740710625382752,
      0.9762168833541776,
      0.9773123988778768,
      0.9782845498214566
    ],
    "classf1": [
      [
        0.9123217729618853,
        0.7234732876900657,
        0.803117615355914,
        0.8692195574400424
      ],
      [
        0.9596568461451631,
        0.860595946273317,
        0.8913619063379117,
        0.9564328606107065
      ],
      [
        0.9710257887424175,
        0.9010004559718907,
        0.9194064591213268,
        0.9676025917926566
      ],
      [
        0.9765111676562058,
        0.9191578270652523,
        0.9339199734351652,
        0.9742744899252312
      ],
      [
        0.9810633484162896,
        0.9362544472086243,
        0.9469615096849281,
        0.9780984934801874
      ],
      [
        0.9834091577827573,
        0.9426731164978486,
        0.9507910801046469,
        0.9789340101522843
      ],
      [
        0.984787087134675,
        0.9485186075712645,
        0.9557816068092173,
        0.9837522213759837
      ],
      [
        0.9854573850454386,
        0.9527550638661749,
        0.9601529064694395,
        0.9804816223067173
      ],
      [
        0.9868933357479174,
        0.9562943593574897,
        0.9624016321772079,
        0.9856835170404156
      ],
      [
        0.9879070610081978,
        0.9599744006826485,
        0.9645159948417156,
        0.9837645865043125
      ],
      [
        0.9887726922902802,
        0.9625554190481278,
        0.9672430994346525,
        0.9860512300278975
      ],
      [
        0.9890679462224435,
        0.9633530245115073,
        0.969055036344756,
        0.98808618504436
      ],
      [
        0.9898925875202318,
        0.9663503942269144,
        0.969397500311423,
        0.9882144214928399
      ]
    ],
    "auc": [
      0.8458502872683087,
      0.9325259786030105,
      0.9654993174718269,
      0.9787401279892773,
      0.9854463471495335,
      0.9874334770612179,
      0.9893775947978743,
      0.9902932957061034,
      0.9910476989615149,
      0.9915531878910193,
      0.9926078835824488,
      0.9920909482732945,
      0.992339834945619
    ]
  },
  "val": {
    "loss": [
      0.6498766214612759,
      1.3673382070638251,
      1.2225153998439056,
      1.032793770169114,
      1.1240277094075777,
      1.6936399092597254,
      1.6847013984265478,
      1.6891306021547765,
      1.5070392502386056,
      2.0649324578964587,
      2.1887520472774016,
      2.5253650847750255,
      1.125711252659071
    ],
    "acc": [
      0.7912872261875461,
      0.7302896053819017,
      0.7310279760439741,
      0.7641315940602182,
      0.7381655591106736,
      0.7688079415866765,
      0.7896053819017147,
      0.7697103946180983,
      0.7333251292148658,
      0.730904914266962,
      0.7588399376486996,
      0.7528919517597834,
      0.771884486011978
    ],
    "f1": [
      0.6684712035326179,
      0.6625230865672462,
      0.6343658979027234,
      0.6619116606573239,
      0.6467147406516401,
      0.670736137610332,
      0.6764143858785423,
      0.6741095828208068,
      0.6647609709970578,
      0.6579130145590726,
      0.6677819207501428,
      0.6528822249407524,
      0.6674666962195864
    ],
    "rec": [
      0.6599792644486403,
      0.6984277244729582,
      0.6412490108837293,
      0.6691228468843687,
      0.6561040819909278,
      0.6728794071905092,
      0.6718974264961584,
      0.6812747818681842,
      0.697426804902575,
      0.6802928167933291,
      0.6811142642934023,
      0.6576177357701632,
      0.6678675619154388
    ],
    "prec": [
      0.6824949681378082,
      0.6755022808702533,
      0.6806334485047507,
      0.6768359009568711,
      0.6902015509643737,
      0.6840558325701936,
      0.6823640907570687,
      0.6874894276905568,
      0.6792042464260072,
      0.6828286823641465,
      0.6755803039855723,
      0.6851142939253922,
      0.6790633508580964
    ],
    "classf1": [
      [
        0.8906260809408509,
        0.29493975903614456,
        0.6930808789153811,
        0.7952380952380952
      ],
      [
        0.8431151679937852,
        0.3760730344733615,
        0.6687565308254964,
        0.7621476129763423
      ],
      [
        0.8581277987063757,
        0.3708759954493743,
        0.5929958799293702,
        0.7154639175257732
      ],
      [
        0.8749911617054373,
        0.39438596491228073,
        0.6091753774680604,
        0.7690941385435168
      ],
      [
        0.8587776704931517,
        0.37384768117997447,
        0.599548532731377,
        0.7546850782020572
      ],
      [
        0.8766367046500106,
        0.38251946213729654,
        0.6549815498154982,
        0.768806833838523
      ],
      [
        0.893401723716808,
        0.3635555555555556,
        0.6641240157480315,
        0.7845762484937743
      ],
      [
        0.88,
        0.4084196231539637,
        0.6485976267529665,
        0.7594210813762972
      ],
      [
        0.8470488519032209,
        0.36289473684210527,
        0.649258627476709,
        0.799841667766196
      ],
      [
        0.845832863426187,
        0.3579031399680681,
        0.6461078657791061,
        0.7818081890629294
      ],
      [
        0.870026525198939,
        0.380332139368284,
        0.6380562524759013,
        0.7827127659574468
      ],
      [
        0.872025272025272,
        0.40525150268902244,
        0.6163990825688074,
        0.7178530424799081
      ],
      [
        0.8841216810269035,
        0.38840686726970647,
        0.6277909114788548,
        0.7695473251028807
      ]
    ],
    "auc": [
      NaN,
      NaN,
      NaN,
      NaN,
      NaN,
      NaN,
      NaN,
      NaN,
      NaN,
      NaN,
      NaN,
      NaN,
      NaN
    ]
  },
  "best_train": {
    "0": {
      "precision": 0.9937425142382245,
      "recall": 0.9199212562791329,
      "f1-score": 0.9554080253804125,
      "support": 44194.0
    },
    "1": {
      "precision": 0.8369387755102041,
      "recall": 0.8770316509837468,
      "f1-score": 0.856516290726817,
      "support": 18704.0
    },
    "2": {
      "precision": 0.8144160208490502,
      "recall": 0.9875259875259875,
      "f1-score": 0.8926557919266331,
      "support": 12025.0
    },