{
  "train": {
    "loss": [
      0.42736165114430097,
      0.2809376916166682,
      0.2527709795988509,
      0.24017835931355694,
      0.21844793737492946,
      0.2023045451115478,
      0.19474205005380982,
      0.1873813482944496,
      0.17985501592690445,
      0.17857508217660015,
      0.17762882734129504,
      0.1772145136980347,
      0.187870651590922,
      0.16548699590720797,
      0.20897856692562003,
      0.22562005298018767,
      0.18845127756973593,
      0.1824332745156083,
      0.16813403648441966,
      0.17558811601979205,
      0.17586778365931663,
      0.2061107041301397
    ],
    "acc": [
      0.8360593381513883,
      0.900355014580956,
      0.9133637631545581,
      0.9172816026372512,
      0.9274502345632053,
      0.9348928616711043,
      0.9384810447571954,
      0.9410802586534804,
      0.9431469506783314,
      0.9442119944211994,
      0.9446811208317485,
      0.9459109927729175,
      0.9415874223405604,
      0.9496006085964245,
      0.9331685051350324,
      0.9275263091162673,
      0.9407379231647014,
      0.9420185114745784,
      0.9487130721440344,
      0.9456827691137315,
      0.9448713072144035,
      0.9348548243945733
    ],
    "f1": [
      0.8054357856125517,
      0.8870638006671717,
      0.9043286654882468,
      0.9107548286511293,
      0.9209097684966918,
      0.9278056964512819,
      0.9322383842680778,
      0.9350321929387937,
      0.9361733267508502,
      0.9384059129303312,
      0.9392861703019542,
      0.9416527004570078,
      0.9370428002546689,
      0.944868252342917,
      0.9255645934895982,
      0.921454485348127,
      0.9363802267281639,
      0.9375328227330146,
      0.9448767632528905,
      0.9399983079734365,
      0.9397512996789117,
      0.9265171724790553
    ],
    "rec": [
      0.7939420930978899,
      0.8855556718233829,
      0.9032175483281815,
      0.9104355854158418,
      0.9207053696699177,
      0.927122234697211,
      0.9312641006569072,
      0.9342829082555941,
      0.935353844028941,
      0.9375707142674462,
      0.9386262424595663,
      0.9412365921910719,
      0.9367139442319036,
      0.9447447593735347,
      0.9245247290258156,
      0.9203475753335449,
      0.9352203623601357,
      0.9371677403265707,
      0.9448268309640969,
      0.9394390129742625,
      0.9386420706364649,
      0.9231650707844942
    ],
    "prec": [
      0.8184528560917649,
      0.888670087628044,
      0.9054727672692453,
      0.9110934958813558,
      0.9211592916653146,
      0.9285553266866018,
      0.9332505682355576,
      0.9357977447329567,
      0.9370462501821845,
      0.9392555200718051,
      0.9399760498982138,
      0.9420993540889703,
      0.9373737668988178,
      0.9449988713971099,
      0.9266878916603265,
      0.9225973477014745,
      0.9375609697278703,
      0.9379164745876709,
      0.9449282005205379,
      0.9405675202961736,
      0.9408784330458495,
      0.9300248177433786
    ],
    "classf1": [
      [
        0.9060719481990737,
        0.6986119559807554,
        0.7803191267758197,
        0.836740111494558
      ],
      [
        0.9449884922604811,
        0.8108969166801663,
        0.865148138978295,
        0.9272216547497446
      ],
      [
        0.9511327043669849,
        0.8365423346491582,
        0.8823919165148253,
        0.9472477064220184
      ],
      [
        0.9518136416656285,
        0.843525420106329,
        0.8932505175983437,
        0.9544297352342159
      ],
      [
        0.9584327742023051,
        0.8628830813032151,
        0.9034121384659818,
        0.9589110800152653
      ],
      [
        0.9635622041194482,
        0.8770767697983144,
        0.9106958709730644,
        0.9598879409143003
      ],
      [
        0.9656428943258719,
        0.884494983277592,
        0.9141698394305579,
        0.9646458200382897
      ],
      [
        0.9670625494853523,
        0.8884962385886006,
        0.9194477840885535,
        0.965122199592668
      ],
      [
        0.9677258736194098,
        0.8945394137506029,
        0.9231531568732708,
        0.9592748627601174
      ],
      [
        0.9692669789757168,
        0.8956340511943569,
        0.9196662099887907,
        0.9690564115624603
      ],
      [
        0.9681133144475921,
        0.8976222807998508,
        0.9251971772519718,
        0.9662119087084023
      ],
      [
        0.9684816350576666,
        0.8986389111289032,
        0.9286808228817418,
        0.9708094327597195
      ],
      [
        0.9659311841569833,
        0.8905078208699378,
        0.9221427383130927,
        0.9695894576786619
      ],
      [
        0.9710761570668779,
        0.9059188697420528,
        0.9316806234972225,
        0.9707973590655155
      ],
      [
        0.9600568842338123,
        0.8770982889836455,
        0.9151605182801024,
        0.949942682460833
      ],
      [
        0.9545902474939117,
        0.8687272049623299,
        0.9127940809709868,
        0.9497064079652795
      ],
      [
        0.964703753548285,
        0.8899590657356128,
        0.9225980493878398,
        0.9682600382409178
      ],
      [
        0.9662705149971703,
        0.8910292425823367,
        0.9232425271176616,
        0.96958900623489
      ],
      [
        0.9701105716452201,
        0.9032309789144553,
        0.932801727718249,
        0.9733637747336378
      ],
      [
        0.9693599611207179,
        0.8981628000536409,
        0.9252282157676348,
        0.9672422549517522
      ],
      [
        0.9682661663992044,
        0.8963594445338051,
        0.9265883719965141,
        0.9677912157861235
      ],
      [
        0.9613931403178327,
        0.8818269955833243,
        0.91469468806884,
        0.9481538659462241
      ]
    ],
    "auc": [
      0.8977216300154879,
      0.9349288314597218,
      0.9433317098978854,
      0.9438344352421929,
      0.9553374907888391,
      0.9580637761154128,
      0.9536200688381609,
      0.9612573201398004,
      0.9681541285516065,
      0.963932658318891,
      0.9640464685330902,
      0.9674051779709966,
      0.9697771586943115,
      0.9724604442997093,
      0.9520317825067018,
      0.9601739275828325,
      0.9661839059509906,
      0.9567469813910302,
      0.9661636242699027,
      0.9719326391961951,
      0.9661736431726871,
      0.9619072760485066
    ]
  },
  "val": {
    "loss": [
      0.6038116990768146,
      0.8254919170627754,
      1.0326823005136716,
      0.8585832789742561,
      0.7952645403172949,
      1.0043328830024374,
      1.2315514818064248,
      1.0588084529287896,
      1.595690090934286,
      1.5036240488515042,
      0.8768301534638394,
      1.3926039512614958,
      0.772978784221624,
      1.2937299426674456,
      1.3615643788593081,
      1.2047469213922752,
      1.1051535311772243,
      1.1254152267521456,
      1.1826115120874294,
      1.2703087733845462,
      1.4149804409138047,
      1.0845008756161665
    ],
    "acc": [
      0.7584297317253261,
      0.7813192222495693,
      0.7622446468127,
      0.7660595619000738,
      0.7832882106817622,
      0.7716383624579539,
      0.752727869390434,
      0.6968988432192961,
      0.7119534006071048,
      0.7629009762900977,
      0.7538354253835425,
      0.7176962835343342,
      0.7554762490770367,
      0.7354171794240709,
      0.7260644843711543,
      0.7385347444417097,
      0.7374271884486012,
      0.7539174665682172,
      0.7388629091804085,
      0.773853474444171,
      0.7307408318976126,
      0.6852079744031504
    ],