{
  "train": {
    "loss": [
      0.5639099597701724,
      0.3727077391077906,
      0.2785522449591157,
      0.22688810886484043,
      0.19732179263028035,
      0.16649145270005777,
      0.1480716163064281,
      0.14153418940821352,
      0.13088840638517954,
      0.12732505464098645,
      0.11730835028262529,
      0.1163280715814462,
      0.10737074594314883,
      0.1063199235704912,
      0.10605149768878287,
      0.10464958157783055
    ],
    "acc": [
      0.7777989095980727,
      0.8623811335108407,
      0.9012932674020541,
      0.9222010904019272,
      0.9370102700646634,
      0.9504120704957525,
      0.9572080639026246,
      0.9624191707873716,
      0.9656650183846837,
      0.9676175985799417,
      0.9691771269177127,
      0.9710409534677317,
      0.9736148091796627,
      0.9733231900595918,
      0.9743121592493977,
      0.9753138075313807
    ],
    "f1": [
      0.7280754240252163,
      0.8352283526283962,
      0.8861488843339307,
      0.9111339430158942,
      0.9269791654101224,
      0.9431738193496767,
      0.9519439251058496,
      0.9567146062834581,
      0.9607818493339293,
      0.9630037490930647,
      0.9649980349773737,
      0.9669470700016605,
      0.9686252536269847,
      0.9691552582607801,
      0.9691710047236305,
      0.9705085063253488
    ],
    "rec": [
      0.7131672712648478,
      0.8284073706253561,
      0.8832793098601689,
      0.9096276867588746,
      0.9266143068427539,
      0.942160470930181,
      0.9516794679896905,
      0.9559523272655986,
      0.9605482422830529,
      0.9625212772210903,
      0.9643540937268246,
      0.9668021227874088,
      0.967554025124487,
      0.9690478673087024,
      0.9678853934614035,
      0.9697205135865025
    ],
    "prec": [
      0.7457638702181634,
      0.8426830078634902,
      0.8891653064033932,
      0.9126707190116891,
      0.9274114324410933,
      0.9442218538767593,
      0.9522204076681062,
      0.9574858744259508,
      0.9610194446139719,
      0.9634891631688803,
      0.965646528999465,
      0.967093750340873,
      0.9697047771025924,
      0.9692677549461332,
      0.9704665854319035,
      0.9713106263796796
    ],
    "classf1": [
      [
        0.8657388005381917,
        0.6106708927628104,
        0.7117587601078167,
        0.7241332426920463
      ],
      [
        0.9238824456705326,
        0.7535076616486683,
        0.804879057266901,
        0.8586442459274829
      ],
      [
        0.948119706380576,
        0.8171875419880149,
        0.8504503015781212,
        0.9288379873890105
      ],
      [
        0.9599665445996655,
        0.8550914887346961,
        0.8779718683872039,
        0.9515058703420113
      ],
      [
        0.9681547416819551,
        0.8832212607495914,
        0.9001853759011329,
        0.9563552833078101
      ],
      [
        0.97370626203148,
        0.9093479884750827,
        0.923982913780948,
        0.9656581131111962
      ],
      [
        0.9769332684097883,
        0.920406909993859,
        0.9367613518556914,
        0.9736741701640595
      ],
      [
        0.9799773755656108,
        0.9314410713332978,
        0.9427415655365111,
        0.9726984126984127
      ],
      [
        0.9813213186017026,
        0.9381470807983776,
        0.9476529042451457,
        0.9760060936904913
      ],
      [
        0.9822945775022344,
        0.941563126252505,
        0.9511414196016467,
        0.977015873015873
      ],
      [
        0.9831221243740038,
        0.9434134061755175,
        0.9547872340425532,
        0.97866937531742
      ],
      [
        0.9843363002001787,
        0.9473965572543569,
        0.9559313562145951,
        0.980124066337511
      ],
      [
        0.9860116155567106,
        0.9534379930999438,
        0.9582777036048065,
        0.976773702246478
      ],
      [
        0.9854410634353664,
        0.9524166354439865,
        0.9591198899862483,
        0.9796434441775193
      ],
      [
        0.986699512955827,
        0.954870121184559,
        0.9580034997083576,
        0.9771108850457783
      ],
      [
        0.9869080622347949,
        0.9566007482629609,
        0.9611888257025445,
        0.977336389101095
      ]
    ],
    "auc": [
      0.8020598313503317,
      0.8582985261553376,
      0.9309133084198614,
      0.935896334724468,
      0.9457591077430076,
      0.8797430606087556,
      0.8727078696630817,
      0.797100215621551,
      0.7819765221907575,
      0.7205486296428312,
      0.7945634572962171,
      0.6775670167962337,
      0.6703421399742884,
      0.6283913923855969,
      0.5356972102000551,
      0.6084929083444961
    ]
  },
  "val": {
    "loss": [
      1.467893261641533,
      0.7125159521847719,
      0.8780166181715865,
      2.0608983108806846,
      3.9166001227448577,
      2.3782300854190734,
      3.176001566256769,
      2.3416716026241233,
      2.004812986508662,
      1.5493575007050913,
      2.703171220719336,
      1.8852932726300506,
      1.6252150779547143,
      2.5145480358202326,
      2.5936473583051733,
      2.968674066552344
    ],
    "acc": [
      0.4320288784970055,
      0.7258593814094676,
      0.7797194191484125,
      0.7275822462876363,
      0.7121585035687915,
      0.7781606366395931,
      0.7669209943391583,
      0.7371810648945771,
      0.7553121667076873,
      0.7665107884157847,
      0.7617113791123143,
      0.7339814586922635,
      0.7352120764623841,
      0.7299614406432029,
      0.7154811715481172,
      0.7560915579620969
    ],
    "f1": [
      0.40671416040525443,
      0.6206117544251666,
      0.6898441793677735,
      0.6035899241988286,
      0.6536514358337675,
      0.6857520932083069,
      0.6602236300323898,
      0.6633146812651505,
      0.6390536404940723,
      0.6727392425404346,
      0.660113980218313,
      0.6175084802274644,
      0.6349114655254258,
      0.6287173683578504,
      0.633888118954621,
      0.6478891391644149
    ],
    "rec": [
      0.4714705958757101,
      0.653576837432128,
      0.6929990393405042,
      0.6062820993806047,
      0.6928935647244461,
      0.6897703119936208,
      0.650296735524862,
      0.6838075332872176,
      0.6349410751174034,
      0.6878557881456437,
      0.6676563470681114,
      0.6118944195740977,
      0.6508791884276368,
      0.6401942920535131,
      0.6607264494967773,
      0.6614277616808274
    ],
    "prec": [
      0.5339872601161019,
      0.714455996357008,
      0.7083402429644087,
      0.6598899706013144,
      0.6618215938630139,
      0.6999038514711469,
      0.6936307483763707,
      0.6837333964581285,
      0.6786990841419116,
      0.6865399643738376,
      0.6924094094775338,
      0.6864014746327188,
      0.6700318622736987,
      0.6629515445055445,
      0.6608739382702966,
      0.6756853950933238
    ],