{
  "train": {
    "loss": [
      0.4719370482501954,
      0.24070103058777362,
      0.1832276782623251,
      0.18658887747002156,
      0.14093500761721314,
      0.12231949051427138,
      0.11269461430408316,
      0.10699759914137792,
      0.10028024274156341,
      0.11374238033407853,
      0.09857823988132174,
      0.09279986807429078,
      0.09404833414800134
    ],
    "acc": [
      0.8091162672752631,
      0.9163433498161532,
      0.9420058323824014,
      0.9430328388487385,
      0.9588817040699886,
      0.9663370102700647,
      0.9704830734119437,
      0.9723595790541397,
      0.9746037783694688,
      0.9747432483834158,
      0.9763915303664258,
      0.9784201851147458,
      0.9783441105616838
    ],
    "f1": [
      0.771584361098631,
      0.9054112513918554,
      0.933231724879823,
      0.9330195422255275,
      0.952474096549509,
      0.961460275981093,
      0.9661794438631256,
      0.9684307220924266,
      0.9702357250671333,
      0.970926416998557,
      0.9727528890056998,
      0.9743375244198068,
      0.9747853642838573
    ],
    "rec": [
      0.7599475371469546,
      0.9044009399838495,
      0.9318235945010798,
      0.9314626080926706,
      0.9512033148971293,
      0.9611526631022352,
      0.9656922370363481,
      0.9686104734429167,
      0.9705174175479269,
      0.9706750237896701,
      0.9726553371339737,
      0.9738835982834724,
      0.9752774358338026
    ],
    "prec": [
      0.7849674407969798,
      0.9065752602386883,
      0.9347821961960666,
      0.934646616455637,
      0.9537774789604057,
      0.961787672267702,
      0.9666773957776615,
      0.9682539971644205,
      0.9699589954502348,
      0.9711862037972572,
      0.9728606666937377,
      0.9748039284859802,
      0.9742961872539353
    ],
    "classf1": [
      [
        0.8880406841525433,
        0.6577679922939315,
        0.7481416884680868,
        0.7923870794799625
      ],
      [
        0.9518768590461326,
        0.8457127473414995,
        0.8891168745896257,
        0.9349385245901639
      ],
      [
        0.96723145960732,
        0.8946985810829003,
        0.9194211478375267,
        0.9515757109915449
      ],
      [
        0.9697435839431745,
        0.8962653378342175,
        0.9149683766690091,
        0.9511008704557091
      ],
      [
        0.9773284937299999,
        0.9248982215556032,
        0.9414836303356817,
        0.9661860405767513
      ],
      [
        0.9815235961666836,
        0.9382517613651584,
        0.9514980963416653,
        0.9745676500508647
      ],
      [
        0.9841061550470028,
        0.9457144386744473,
        0.9562549239125928,
        0.9786422578184591
      ],
      [
        0.9848222471223388,
        0.9495894953600942,
        0.959595121546503,
        0.9797160243407708
      ],
      [
        0.9865993044778486,
        0.9544132945664061,
        0.9604782464297575,
        0.9794520547945206
      ],
      [
        0.9862055698265229,
        0.9553516492335679,
        0.9605705045814503,
        0.9815779443526871
      ],
      [
        0.9871944384687673,
        0.957913582556182,
        0.9635677871264559,
        0.9823357478713941
      ],
      [
        0.9887098418018957,
        0.961337457337884,
        0.9665115506066146,
        0.980791247932833
      ],
      [
        0.9883112470268434,
        0.9612059765208111,
        0.9671014372351915,
        0.9825227963525835
      ]
    ],
    "auc": [
      0.8139535299548866,
      0.9526312247716995,
      0.962802190949596,
      0.963463204029092,
      0.9799349647710727,
      0.9699077334684891,
      0.9866814853493724,
      0.8485445416917785,
      0.6916547597481042,
      0.7855037259936735,
      0.6006945846231877,
      0.5526972989002479,
      0.6077303473036985
    ]
  },
  "val": {
    "loss": [
      0.7811876779977596,
      0.8767979099170421,
      1.353795224391168,
      1.7941824776876378,
      1.6309074535876433,
      1.7102541180593647,
      0.6815491432405146,
      2.0783765390956037,
      1.5675638084228205,
      1.7497478520478607,
      3.7844876070432014,
      2.6017218023495574,
      5.005740332087564
    ],
    "acc": [
      0.6739683321027156,
      0.7152760685864303,
      0.691443104438428,
      0.7393961768807942,
      0.7150709656247436,
      0.7734022479284601,
      0.7509639839199278,
      0.7299614406432029,
      0.7636803675445073,
      0.7651571088686521,
      0.7629830174747724,
      0.7557223726310608,
      0.7484207071950119
    ],
    "f1": [
      0.5423035253806812,
      0.6520082972740324,
      0.6485331631556941,
      0.6478543614246091,
      0.6406755776040481,
      0.6943110810397193,
      0.6547501652997075,
      0.6355910558401472,
      0.659707448671885,
      0.6788878522038058,
      0.6724279897355221,
      0.6568257482878165,
      0.6582761794793619
    ],
    "rec": [
      0.5749731285174398,
      0.7058953480014527,
      0.706195264256744,
      0.6618723275882565,
      0.6812905341814255,
      0.7193909522935313,
      0.6753703860337272,
      0.6723867965410237,
      0.6706279998726035,
      0.6978169491876834,
      0.6870935044415192,
      0.6609238969142088,
      0.6777934465139621
    ],
    "prec": [
      0.6659694337630055,
      0.6320758592489303,
      0.674809256144143,
      0.6712439013189404,
      0.6708627904755153,
      0.6923212500756573,
      0.6619323025798032,
      0.692650379011972,
      0.6744620192554264,
      0.6922658412443715,
      0.6878595250405596,
      0.6823976328880041,
      0.695799883080725
    ],
    "classf1": [
      [
        0.8613647196861365,
        0.2921442843621832,
        0.25957275292220877,
        0.7561323445521962
      ],
      [
        0.8092157172163484,
        0.47930574098798395,
        0.6600196947316593,
        0.6594920361601377
      ],
      [
        0.7955940332479778,
        0.3890884598114055,
        0.6316568047337278,
        0.7777933548296649
      ],
      [
        0.8579111541357427,
        0.4269873496798376,
        0.5996146435452794,
        0.7069042983375767
      ],
      [
        0.8375676488274203,
        0.4341065830721003,
        0.5729522767674006,
        0.7180758017492711
      ],
      [
        0.8749678698637682,
        0.46855449456700693,
        0.630997236875157,
        0.802724722852945
      ],
      [
        0.8628692742254687,
        0.43733062330623307,
        0.5710530159193807,
        0.7477477477477478
      ],
      [
        0.8626357711803041,
        0.44656536481225667,
        0.5178803641092328,
        0.715282723258795
      ],
      [
        0.8873359347286272,
        0.4242925699156048,
        0.5782189291206487,
        0.7489823609226595
      ],
      [
        0.8774534656333743,
        0.453278428888185,
        0.6359715880263825,
        0.7488479262672811
      ],
      [
        0.8710391093348558,
        0.43773219189145535,
        0.6054576463899943,
        0.7754830113257828
      ],
      [
        0.8698678290213723,
        0.3984272608125819,
        0.607899255867201,
        0.7511086474501109
      ],
      [
        0.8647955549223536,
        0.4446361806154731,
        0.5893530387573518,
        0.7343199436222692
      ]
    ],
    "auc": [
      NaN,
      NaN,
      NaN,
      NaN,
      NaN,
      NaN,
      NaN,
      NaN,
      NaN,
      NaN,
      NaN,
      NaN,
      NaN
    ]
  },
  "best_train": {
    "0": {
      "precision": 0.9823039131816294,
      "recall": 0.9093768384848622,
      "f1-score": 0.9444346528487668,
      "support": 44194.0
    },
    "1": {
      "precision": 0.9009689049121226,
      "recall": 0.8551112061591104,
      "f1-score": 0.8774412991002852,
      "support": 18704.0
    },
    "2": {
      "precision": 0.8321673379973147,
      "recall": 0.9792931392931393,
      "f1-score": 0.8997555012224939,
      "support": 12025.0
    },