{
  "train": {
    "loss": [
      0.48736384667943206,
      0.9444389086586745,
      0.43144559750098643,
      0.303073258956687,
      0.2722173432324226,
      0.29910568253151626,
      0.1933867612488156,
      0.19043673869212083,
      0.14677986093291184,
      0.18900918081902135,
      1.9425997005212796,
      1.0803628693682292,
      1.0723909096844673
    ],
    "acc": [
      0.800443768226195,
      0.7943324457968809,
      0.8450614935970584,
      0.896665398757449,
      0.9107011537973881,
      0.899036388994548,
      0.9398757448966654,
      0.9438062634715354,
      0.9581336376315456,
      0.9504754659566375,
      0.6034233548877901,
      0.5580829212628375,
      0.5603397996703436
    ],
    "f1": [
      0.7593262709586182,
      0.7536046279045516,
      0.8180876570319805,
      0.8807531441467867,
      0.8912546114632406,
      0.8798286597079243,
      0.9282242888371803,
      0.9326858621124242,
      0.9500031568721969,
      0.9412530551238776,
      0.4565187336077457,
      0.1822037870932228,
      0.1795569784827407
    ],
    "rec": [
      0.7514507257877223,
      0.7448634291207706,
      0.8156436765277512,
      0.8764163550213193,
      0.8854016998297218,
      0.8759895357583463,
      0.9257459055486414,
      0.9317797829458192,
      0.9478574641810207,
      0.9400609339357748,
      0.44659490082298636,
      0.2502780545647214,
      0.25
    ],
    "prec": [
      0.7681800905277375,
      0.7635289403007751,
      0.8208316111929632,
      0.8852360707573084,
      0.8974748710810156,
      0.8844526980536327,
      0.9310066830454344,
      0.9336919233208381,
      0.9523112911671489,
      0.9425647099738582,
      0.4875712298687163,
      0.2217789142306465,
      0.5603397996703436
    ],
    "classf1": [
      [
        0.8816271942045137,
        0.6420910419366401,
        0.7474111506917406,
        0.7661756970015782
      ],
      [
        0.8714785429747415,
        0.6467426120379912,
        0.7322190005116834,
        0.7639783560937903
      ],
      [
        0.9119082424378725,
        0.7233497116000854,
        0.7827237420511288,
        0.8543689320388349
      ],
      [
        0.9444550917105397,
        0.8108209454935048,
        0.8450162920878938,
        0.9227202472952086
      ],
      [
        0.9540240267365189,
        0.841200117136544,
        0.8596146612613366,
        0.9101796407185628
      ],
      [
        0.9461968718316759,
        0.8235232233969807,
        0.8451827788971586,
        0.9044117647058824
      ],
      [
        0.96935287905799,
        0.891410994139641,
        0.9062783598712978,
        0.9458549222797927
      ],
      [
        0.9698214711323474,
        0.8995169594989119,
        0.9181780538302278,
        0.9432269639882097
      ],
      [
        0.977910826869869,
        0.9248300042498937,
        0.9371996685998343,
        0.9600721277691912
      ],
      [
        0.9738187838037032,
        0.9104429873660643,
        0.926193324807129,
        0.9545571245186136
      ],
      [
        0.7292014496884799,
        0.4325637123150157,
        0.38972943669607213,
        0.2745803357314149
      ],
      [
        0.7169168304077357,
        0.003399734395750332,
        0.0,
        0.0084985835694051
      ],
      [
        0.7182279139309627,
        0.0,
        0.0,
        0.0
      ]
    ],
    "auc": [
      0.7725298017422376,
      0.7502022523002849,
      0.7502533202653858,
      0.7873773211255838,
      0.8153355377334758,
      0.7120890162065128,
      0.9248810320726252,
      0.9739370396656117,
      0.9792348387575242,
      0.8263920494097267,
      0.6004821540787072,
      0.5016835316804096,
      0.49944550524062553
    ]
  },
  "val": {
    "loss": [
      0.8970435292750728,
      0.7987534171543325,
      0.7795349282503955,
      0.784321931662512,
      1.226676890207135,
      1.147902492032604,
      0.9738765846473224,
      1.710385009518786,
      2.0232578189058312,
      1.5717334431759549,
      1.3289196208033824,
      1.2155207385187563,
      1.2541624084665113
    ],
    "acc": [
      0.6906637131840184,
      0.6731068996636311,
      0.7734022479284601,
      0.7498154073344819,
      0.7461235540241201,
      0.7674542620395438,
      0.7485027483796866,
      0.7330790056608417,
      0.7659775207153992,
      0.7797194191484125,
      0.58323078185249,
      0.58323078185249,
      0.58323078185249
    ],
    "f1": [
      0.6018504672616588,
      0.6221401580419077,
      0.6507018809634364,
      0.6752892383228366,
      0.6488716511125793,
      0.6675796070277932,
      0.6370133248738928,
      0.6516529520942503,
      0.6751088871864868,
      0.672527430002703,
      0.18419007151000102,
      0.18419007151000102,
      0.18419007151000102
    ],
    "rec": [
      0.6398916280628432,
      0.6670486578013473,
      0.6569172860316268,
      0.7089757279794763,
      0.6474159804711351,
      0.6781042332897103,
      0.6474770753600878,
      0.6848750888738839,
      0.6993793270224693,
      0.678526547069075,
      0.25,
      0.25,
      0.25
    ],
    "prec": [
      0.6757147419457686,
      0.6296790406777487,
      0.6844699272894437,
      0.6939820902088978,
      0.685485410843234,
      0.6902528714506075,
      0.6709862795116825,
      0.6933931082436213,
      0.6979971566030148,
      0.678758345649078,
      0.58323078185249,
      0.58323078185249,
      0.58323078185249
    ],
    "classf1": [
      [
        0.8412859560067681,
        0.40269567273587137,
        0.5457986373959122,
        0.6176216029080838
      ],
      [
        0.7692433004805734,
        0.36628079548827547,
        0.5595703125,
        0.7934662236987818
      ],
      [
        0.896073424884411,
        0.40784031648984,
        0.5223033252230332,
        0.7765904572564613
      ],
      [
        0.8516095263020151,
        0.4089303377137205,
        0.6306573675619528,
        0.809959721713658
      ],
      [
        0.8643074097619552,
        0.3516929318146357,
        0.6310706401766004,
        0.748415622697126
      ],
      [
        0.885861534580315,
        0.44114285714285717,
        0.650741175215954,
        0.6925728611720464
      ],
      [
        0.8884008927928576,
        0.3844250123741957,
        0.6276083467094703,
        0.6476190476190476
      ],
      [
        0.8680318969712852,
        0.405875152998776,
        0.5768402927249247,
        0.7558644656820156
      ],
      [
        0.8959159688555899,
        0.4213783403656821,
        0.6049890350877193,
        0.7781522044369559
      ],
      [
        0.9029938414438788,
        0.41343859004956857,
        0.614999373982722,
        0.7586779145346425
      ],
      [
        0.7367602860400041,
        0.0,
        0.0,
        0.0
      ],
      [
        0.7367602860400041,
        0.0,
        0.0,
        0.0
      ],
      [
        0.7367602860400041,
        0.0,
        0.0,
        0.0
      ]
    ],
    "auc": [
      NaN,
      NaN,
      NaN,
      NaN,
      NaN,
      NaN,
      NaN,
      NaN,
      NaN,
      NaN,
      NaN,
      NaN,
      NaN
    ]
  },
  "best_train": {
    "0": {
      "precision": 0.9264693362090984,
      "recall": 0.7386975607548536,
      "f1-score": 0.8219964497488386,
      "support": 44194.0
    },
    "1": {
      "precision": 0.6383876937312052,
      "recall": 0.5901946107784432,
      "f1-score": 0.6133459273252584,
      "support": 18704.0
    },
    "2": {
      "precision": 0.49972065838669477,
      "recall": 0.966985446985447,
      "f1-score": 0.6589221964073213,
      "support": 12025.0
    },
    "3": {
      "precision": 0.939453125,
      "recall": 0.7311882442361287,
      "f1-score": 0.8223393645818493,
      "support": 3947.0
    },
    "accuracy": 0.7379104856092303,
    "macro avg": {
      "precision": 0.7510077033317496,
      "recall": 0.7567664656887181,