{
  "train": {
    "loss": [
      1.078108705745736,
      1.078747207066304,
      1.07888740510616,
      1.078384380761539,
      1.0781327829963476,
      1.0777768112242203,
      1.0778637964058169,
      1.0787082214676618,
      1.0781011808089642,
      1.0780730948119657,
      1.0778472200194749
    ],
    "acc": [
      0.5602130087485736,
      0.5602637251172816,
      0.5602510460251046,
      0.5602383669329276,
      0.5603397996703436,
      0.5603397996703436,
      0.5603397996703436,
      0.5603397996703436,
      0.5603397996703436,
      0.5603397996703436,
      0.5602383669329276
    ],
    "f1": [
      0.17961201106671665,
      0.17957276068429504,
      0.17967672793294628,
      0.1795419822514059,
      0.1795569784827407,
      0.1795569784827407,
      0.1795569784827407,
      0.1795569784827407,
      0.1795569784827407,
      0.1795569784827407,
      0.17956463403864928
    ],
    "rec": [
      0.2499665589801913,
      0.24997376798939958,
      0.2499989481064765,
      0.24995474498800743,
      0.25,
      0.25,
      0.25,
      0.25,
      0.25,
      0.25,
      0.24996245423640143
    ],
    "prec": [
      0.25343665056033954,
      0.3218348170128586,
      0.38434574994292675,
      0.28016180983540034,
      0.5603397996703436,
      0.5603397996703436,
      0.5603397996703436,
      0.5603397996703436,
      0.5603397996703436,
      0.5603397996703436,
      0.32182213599127546
    ],
    "classf1": [
      [
        0.7181275143240278,
        0.0003205299428388269,
        0.0,
        0.0
      ],
      [
        0.7181841822969152,
        0.00010686044026501389,
        0.0,
        0.0
      ],
      [
        0.7181729518855656,
        0.0005339598462195643,
        0.0,
        0.0
      ],
      [
        0.7181679290056237,
        0.0,
        0.0,
        0.0
      ],
      [
        0.7182279139309627,
        0.0,
        0.0,
        0.0
      ],
      [
        0.7182279139309627,
        0.0,
        0.0,
        0.0
      ],
      [
        0.7182279139309627,
        0.0,
        0.0,
        0.0
      ],
      [
        0.7182279139309627,
        0.0,
        0.0,
        0.0
      ],
      [
        0.7182279139309627,
        0.0,
        0.0,
        0.0
      ],
      [
        0.7182279139309627,
        0.0,
        0.0,
        0.0
      ],
      [
        0.7181516757143321,
        0.00010686044026501389,
        0.0,
        0.0
      ]
    ],
    "auc": [
      0.49945543250333174,
      0.4958736437843907,
      0.4977622653304425,
      0.4946451773910668,
      0.4975908719492016,
      0.49919540229462345,
      0.5005649914800312,
      0.4973764559786935,
      0.4945313325937106,
      0.4989145722697895,
      0.49615643947566085
    ]
  },
  "val": {
    "loss": [
      1.2797853206981882,
      1.3117499975223244,
      1.3268023997080727,
      1.2804034434937375,
      1.2232206647957418,
      1.3663644493946392,
      1.2307406538231047,
      1.2780008826517884,
      1.2576805894545007,
      1.2980457072330363,
      1.213297242410267
    ],
    "acc": [
      0.58323078185249,
      0.58323078185249,
      0.58323078185249,
      0.58323078185249,
      0.58323078185249,
      0.58323078185249,
      0.58323078185249,
      0.58323078185249,
      0.58323078185249,
      0.58323078185249,
      0.58323078185249
    ],
    "f1": [
      0.18419007151000102,
      0.18419007151000102,
      0.18419007151000102,
      0.18419007151000102,
      0.18419007151000102,
      0.18419007151000102,
      0.18419007151000102,
      0.18419007151000102,
      0.18419007151000102,
      0.18419007151000102,
      0.18419007151000102
    ],
    "rec": [
      0.25,
      0.25,
      0.25,
      0.25,
      0.25,
      0.25,
      0.25,
      0.25,
      0.25,
      0.25,
      0.25
    ],
    "prec": [
      0.58323078185249,
      0.58323078185249,
      0.58323078185249,
      0.58323078185249,
      0.58323078185249,
      0.58323078185249,
      0.58323078185249,
      0.58323078185249,
      0.58323078185249,
      0.58323078185249,
      0.58323078185249
    ],
    "classf1": [
      [
        0.7367602860400041,
        0.0,
        0.0,
        0.0
      ],
      [
        0.7367602860400041,
        0.0,
        0.0,
        0.0
      ],
      [
        0.7367602860400041,
        0.0,
        0.0,
        0.0
      ],
      [
        0.7367602860400041,
        0.0,
        0.0,
        0.0
      ],
      [
        0.7367602860400041,
        0.0,
        0.0,
        0.0
      ],
      [
        0.7367602860400041,
        0.0,
        0.0,
        0.0
      ],
      [
        0.7367602860400041,
        0.0,
        0.0,
        0.0
      ],
      [
        0.7367602860400041,
        0.0,
        0.0,
        0.0
      ],
      [
        0.7367602860400041,
        0.0,
        0.0,
        0.0
      ],
      [
        0.7367602860400041,
        0.0,
        0.0,
        0.0
      ],
      [
        0.7367602860400041,
        0.0,
        0.0,
        0.0
      ]
    ],
    "auc": [
      NaN,
      NaN,
      NaN,
      NaN,
      NaN,
      NaN,
      NaN,
      NaN,
      NaN,
      NaN,
      NaN
    ]
  },
  "best_train": {
    "0": {
      "precision": 0.5603397996703436,
      "recall": 1.0,
      "f1-score": 0.7182279139309627,
      "support": 44194.0
    },
    "1": {
      "precision": 0.0,
      "recall": 0.0,
      "f1-score": 0.0,
      "support": 18704.0
    },
    "2": {
      "precision": 0.0,
      "recall": 0.0,
      "f1-score": 0.0,
      "support": 12025.0
    },
    "3": {
      "precision": 0.0,
      "recall": 0.0,
      "f1-score": 0.0,
      "support": 3947.0
    },
    "accuracy": 0.5603397996703436,
    "macro avg": {
      "precision": 0.1400849499175859,
      "recall": 0.25,
      "f1-score": 0.1795569784827407,
      "support": 78870.0
    },
    "weighted avg": {
      "precision": 0.3139806910946008,
      "recall": 0.5603397996703436,
      "f1-score": 0.4024516854097245,
      "support": 78870.0
    }
  },
  "best_test": {
    "0": {
      "precision": 0.58323078185249,
      "recall": 1.0,
      "f1-score": 0.7367602860400041,
      "support": 14218.0
    },
    "1": {
      "precision": 0.0,
      "recall": 0.0,
      "f1-score": 0.0,
      "support": 2165.0
    },
    "2": {
      "precision": 0.0,
      "recall": 0.0,
      "f1-score": 0.0,
      "support": 4059.0
    },
    "3": {
      "precision": 0.0,
      "recall": 0.0,
      "f1-score": 0.0,
      "support": 3936.0
    },
    "accuracy": 0.58323078185249,
    "macro avg": {
      "precision": 0.1458076954631225,
      "recall": 0.25,
      "f1-score": 0.18419007151000102,
      "support": 24378.0
    },
    "weighted avg": {
      "precision": 0.3401581449002667,
      "recall": 0.58323078185249,
      "f1-score": 0.42970127766497573,
      "support": 24378.0
    }
  },
  "final_train": {
    "0": {
      "precision": 0.5603397996703436,
      "recall": 1.0,
      "f1-score": 0.7182279139309627,
      "support": 44194.0
    },
    "1": {
      "precision": 0.0,
      "recall": 0.0,
      "f1-score": 0.0,
      "support": 18704.0
    },
    "2": {
      "precision": 0.0,
      "recall": 0.0,
      "f1-score": 0.0,
      "support": 12025.0
    },
    "3": {
      "precision": 0.0,
      "recall": 0.0,
      "f1-score": 0.0,
      "support": 3947.0
    },
    "accuracy": 0.5603397996703436,
    "macro avg": {
      "precision": 0.1400849499175859,
      "recall": 0.25,
      "f1-score": 0.1795569784827407,
      "support": 78870.0
    },
    "weighted avg": {
      "precision": 0.3139806910946008,
      "recall": 0.5603397996703436,
      "f1-score": 0.4024516854097245,
      "support": 78870.0
    }
  },
  "final_test": {
    "0": {
      "precision": 0.58323078185249,
      "recall": 1.0,
      "f1-score": 0.7367602860400041,
      "support": 14218.0
    },
    "1": {
      "precision": 0.0,
      "recall": 0.0,
      "f1-score": 0.0,